,keyword,url
0,CDD,https://www.careerguide.nl/vacature/q/senior-cdd-analist/randstad/dpa-compliance-risk/1062184?t=cdd&t2=&f=&n=&o=&e=&r=
1,CDD,https://www.careerguide.nl/vacature/q/cdd-analist/amersfoort/dpa-compliance-risk/1067722?t=cdd&t2=&f=&n=&o=&e=&r=
2,CDD,https://www.careerguide.nl/vacature/q/onderzoeker-special-cases/amersfoort/abn-amro-bank/1069260?t=cdd&t2=&f=&n=&o=&e=&r=
3,CDD,https://www.careerguide.nl/vacature/q/kyc-analist/overijssel/dpa-compliance-risk/1067806?t=cdd&t2=&f=&n=&o=&e=&r=
4,CDD,https://www.careerguide.nl/vacature/q/cdd-analist/randstad/dpa-compliance-risk/1067716?t=cdd&t2=&f=&n=&o=&e=&r=
5,CDD,https://www.careerguide.nl/vacature/q/senior-anti-money-laundering-trainster-en-coach/amersfoort/abn-amro-bank/1069250?t=cdd&t2=&f=&n=&o=&e=&r=
6,CDD,https://www.careerguide.nl/vacature/q/kyc-analist-cdd/amsterdam/brunel/1069230?t=cdd&t2=&f=&n=&o=&e=&r=
7,CDD,https://www.careerguide.nl/vacature/q/anti-money-laundering-analyst-aml/utrecht/brunel/1069229?t=cdd&t2=&f=&n=&o=&e=&r=
8,CDD,https://www.careerguide.nl/vacature/q/cdd-analist-rabobank/amersfoort/brunel/1069228?t=cdd&t2=&f=&n=&o=&e=&r=
9,CDD,https://www.careerguide.nl/vacature/q/compliance-consultant/amsterdam/dpa-compliance-risk/1067660?t=cdd&t2=&f=&n=&o=&e=&r=
10,CDD,https://www.careerguide.nl/vacature/q/kyc-analist/amsterdam/dpa-compliance-risk/1066986?t=cdd&t2=&f=&n=&o=&e=&r=
11,CDD,https://www.careerguide.nl/vacature/q/head-of-regional-client-servicing/the-hague/aegon/1069199?t=cdd&t2=&f=&n=&o=&e=&r=
12,CDD,https://www.careerguide.nl/vacature/q/medior-business-developer/amsterdam/abn-amro-bank/1069194?t=cdd&t2=&f=&n=&o=&e=&r=
13,CDD,https://www.careerguide.nl/vacature/q/kyc-analist-quality-control-dfc-oversight/amersfoort/abn-amro-bank/1069191?t=cdd&t2=&f=&n=&o=&e=&r=
14,CDD,https://www.careerguide.nl/vacature/q/medior-cdd-analist/landelijk/id-professionals/1067010?t=cdd&t2=&f=&n=&o=&e=&r=
15,CDD,https://www.careerguide.nl/vacature/q/compliance-analist--complexe-organisatiestructuren/utrecht/id-professionals/1066363?t=cdd&t2=&f=&n=&o=&e=&r=
16,CDD,https://www.careerguide.nl/vacature/q/quality-assurance--aml-specialist/utrecht/id-professionals/1066155?t=cdd&t2=&f=&n=&o=&e=&r=
17,CDD,https://www.careerguide.nl/vacature/q/global-kyc-expert/amsterdam/id-professionals/1066153?t=cdd&t2=&f=&n=&o=&e=&r=
18,CDD,https://www.careerguide.nl/vacature/q/senior-cdd-analist/landelijk/id-professionals/1067011?t=cdd&t2=&f=&n=&o=&e=&r=
19,CDD,https://www.careerguide.nl/vacature/q/senior-analiste-know-your-client-commercial-banking/amersfoort-utrecht/abn-amro-bank/1066179?t=cdd&t2=&f=&n=&o=&e=&r=
20,CDD,https://www.careerguide.nl/vacature/q/cdd-analist/amsterdam/octas/1063060?t=cdd&t2=&f=&n=&o=&e=&r=
21,CDD,https://www.careerguide.nl/vacature/q/senior-aml-officer/amsterdam/ey/1069075?t=cdd&t2=&f=&n=&o=&e=&r=
22,CDD,https://www.careerguide.nl/vacature/q/senior-analist-know-your-client/zwolle/abn-amro-bank/1066230?t=cdd&t2=&f=&n=&o=&e=&r=
23,CDD,https://www.careerguide.nl/vacature/q/cdd-analist/amsterdam/dpa-compliance-risk/1067930?t=cdd&t2=&f=&n=&o=&e=&r=
24,CDD,https://www.careerguide.nl/vacature/q/cddkyc-specialist/amsterdam/id-professionals/1069009?t=cdd&t2=&f=&n=&o=&e=&r=
25,CDD,https://www.careerguide.nl/vacature/q/teamlead/randstad/dpa-compliance-risk/1069008?t=cdd&t2=&f=&n=&o=&e=&r=
26,CDD,https://www.careerguide.nl/vacature/q/medior-senior-cams-officer-dutch-speaker/utrecht/via-michael-page-risk-compliance/1068291?t=cdd&t2=&f=&n=&o=&e=&r=
27,CDD,https://www.careerguide.nl/vacature/q/quality-expert/amersfoort/octas/1066924?t=cdd&t2=&f=&n=&o=&e=&r=
28,CDD,https://www.careerguide.nl/vacature/q/compliance-expert-financiele-markten/amsterdam/de-nederlandsche-bank/1068982?t=cdd&t2=&f=&n=&o=&e=&r=
29,CDD,https://www.careerguide.nl/vacature/q/senior-quality-checker/amsterdam/octas/1066815?t=cdd&t2=&f=&n=&o=&e=&r=
30,CDD,https://www.careerguide.nl/vacature/q/operations-manager-kyc-cb/amersfoort/abn-amro-bank/1068918?t=cdd&t2=&f=&n=&o=&e=&r=
31,CDD,https://www.careerguide.nl/vacature/q/business-analist-detecting-financial-crime-specials/amersfoort/abn-amro-bank/1068917?t=cdd&t2=&f=&n=&o=&e=&r=
32,CDD,https://www.careerguide.nl/vacature/q/cdd-analist/den-haag/bng-bank/1068880?t=cdd&t2=&f=&n=&o=&e=&r=
33,CDD,https://www.careerguide.nl/vacature/q/medior-analiste-know-your-client/amersfoort/abn-amro-bank/1065748?t=cdd&t2=&f=&n=&o=&e=&r=
34,CDD,https://www.careerguide.nl/vacature/q/assistent-accountmanager-mkb/utrecht/octas/1068083?t=cdd&t2=&f=&n=&o=&e=&r=
35,CDD,https://www.careerguide.nl/vacature/q/senior-quality-checker/rotterdam/octas/1066925?t=cdd&t2=&f=&n=&o=&e=&r=
36,CDD,https://www.careerguide.nl/vacature/q/senior-aml-officer/amsterdam/ey/1068749?t=cdd&t2=&f=&n=&o=&e=&r=
37,CDD,https://www.careerguide.nl/vacature/q/specialist-cdd-customer-due-diligence/amersfoort/octas/1068005?t=cdd&t2=&f=&n=&o=&e=&r=
38,CDD,https://www.careerguide.nl/vacature/q/senior-aml-officer/amsterdam/ey/1068647?t=cdd&t2=&f=&n=&o=&e=&r=
39,CDD,https://www.careerguide.nl/vacature/q/compliance-officer/amsterdam/brunel/1068623?t=cdd&t2=&f=&n=&o=&e=&r=
40,CDD,https://www.careerguide.nl/vacature/q/medior-cdd-analist/amersfoort/brunel/1068624?t=cdd&t2=&f=&n=&o=&e=&r=
41,CDD,https://www.careerguide.nl/vacature/q/compliance-officer-wwft-avg-en-beroepsregels/arnhem/dirkzwager-legal-tax/1063100?t=cdd&t2=&f=&n=&o=&e=&r=
42,CDD,https://www.careerguide.nl/vacature/q/coachende-cdd-analist/utrecht/octas/1066674?t=cdd&t2=&f=&n=&o=&e=&r=
43,CDD,https://www.careerguide.nl/vacature/q/analist-client-due-diligence/den-bosch/octas/1064417?t=cdd&t2=&f=&n=&o=&e=&r=
