,url
0,https://banen.monsterboard.nl/analist-kyc-cdd-arnhem-ge-nl-carrierecafe/222603568
1,https://banen.monsterboard.nl/business-compliance-officer-amsterdam-nh-nl-walters-people/222286459
2,https://banen.monsterboard.nl/cdd-analist-abn-amro-s-hertogenbosch-nb-nl-abn-amro/222413219
3,https://banen.monsterboard.nl/cdd-analist-amersfoort-ut-nl-yacht/222307217
4,https://banen.monsterboard.nl/cdd-analist-amsterdam-nh-nl-walters-people/222382963
5,https://banen.monsterboard.nl/cdd-analist-amsterdam-nh-nl-yacht/222307095
6,https://banen.monsterboard.nl/cdd-analist-den-bosch-nb-nl-yacht/222307283
7,https://banen.monsterboard.nl/cdd-analist-eindhoven-nb-nl-yacht/222307353
8,https://banen.monsterboard.nl/cdd-analist-sancties-amsterdam-nh-nl-walters-people/222386972
9,https://banen.monsterboard.nl/cdd-analist-utrecht-ut-nl-walters-people/222656536
10,https://banen.monsterboard.nl/cdd-analist-utrecht-ut-nl-yacht/222307163
11,https://banen.monsterboard.nl/cdd-analist-zwolle-ov-nl-yacht/222307255
12,https://banen.monsterboard.nl/cdd-klantcontact-specialist-nijmegen-ge-nl-abn-amro/221668889
13,https://banen.monsterboard.nl/cdd-kyc-consultant-amsterdam-nh-nl-walters-people/222656531
14,https://banen.monsterboard.nl/cdd-specialist-abn-amro-eindhoven-nb-nl-carrierecafe/222603558
15,https://banen.monsterboard.nl/data-analist-abn-amro-amersfoort-ut-nl-carrierecafe/222603459
16,https://banen.monsterboard.nl/data-reporting-officer-amsterdam-nh-nl-citco/222713123
17,https://banen.monsterboard.nl/interim-profesional-banking-medior-cdd-analist-clcs-nederland-ov-nl-yacht/222607162
18,https://banen.monsterboard.nl/junior-banking-insurance-consultant-compliance-utrecht-nl-yourprofessionals/02373768-9a46-48fb-a6b2-05ad3d317490
19,https://banen.monsterboard.nl/junior-kyc-cdd-analist-deutsche-bank-amsterdam-nh-nl-randstad/222721958
20,https://banen.monsterboard.nl/kyc-analist-ondersteuner-utrecht-ut-nl-abn-amro/222567688
21,https://banen.monsterboard.nl/kyc-analist-rotterdam-zh-nl-walters-people/222340871
22,https://banen.monsterboard.nl/kyc-analist-s-hertogenbosch-nl-yourprofessionals/6009dbee-13a3-4516-a470-2f04148e46ad
23,https://banen.monsterboard.nl/kyc-analyst-large-coporates-amsterdam-nh-nl-walters-people/222188927
24,https://banen.monsterboard.nl/kyc-consultant-onboarding-amersfoort-ut-nl-carrierecafe/222309408
25,https://banen.monsterboard.nl/kyc-klantcontact-specialist-zwolle-ov-nl-abn-amro/222567690
26,https://banen.monsterboard.nl/kyc-support-agent-amsterdam-nh-nl-payconiq/141a470e-7cf6-4b52-a9bd-90975014c144
27,https://banen.monsterboard.nl/kyc-support-agent-amsterdam-nh-nl-payconiq/bbd35d80-631e-4c64-b284-208cce4194a2
28,https://banen.monsterboard.nl/manager-kyc-remediation-amersfoort-van-asch-van-wijckstraat-55-3811-lp-fr-nl-yacht/222568707
29,https://banen.monsterboard.nl/medior-kyc-analist-abn-amro-amersfoort-ut-nl-carrierecafe/222603486
30,https://banen.monsterboard.nl/open-sollicitatie-banking-insurance-amsterdam-nh-nl-walters-people/222286454
31,https://banen.monsterboard.nl/product-owner-cdd-abn-amro-amsterdam-nh-nl-carrierecafe/222603508
32,https://banen.monsterboard.nl/project-officer-cdd-amersfoort-van-asch-van-wijckstraat-55-3811-lp-fr-nl-yacht/222377648
33,https://banen.monsterboard.nl/quality-checker-cdd-abn-amro-zwolle-ov-nl-carrierecafe/222603492
34,https://banen.monsterboard.nl/quality-checker-iqc-amsterdam-hoogoorddreef-60-1101-be-fr-nl-yacht/222625810
35,https://banen.monsterboard.nl/quality-checker-kyc-abn-amro-amersfoort-ut-nl-carrierecafe/222603515
36,https://banen.monsterboard.nl/quality-checker-kyc-abn-amro-amsterdam-nh-nl-carrierecafe/222603465
37,https://banen.monsterboard.nl/quality-checker-kyc-abn-amro-zwolle-ov-nl-carrierecafe/222603517
38,https://banen.monsterboard.nl/secretarieel-medewerker-amersfoort-ut-nl-abn-amro/222252496
39,https://banen.monsterboard.nl/senior-cdd-analist-utrecht-ut-nl-walters-people/222286910
40,https://banen.monsterboard.nl/senior-consultant-financial-crime-amsterdam-nh-nl-synechron-technologies-netherlands-b-v/8bbab015-29a0-4bb6-946f-7f4981a807ea
41,https://banen.monsterboard.nl/senior-kyc-analist-amersfoort-ut-nl-carrierecafe/222603494
42,https://banen.monsterboard.nl/senior-kyc-analist-amsterdam-nh-nl-carrierecafe/222603488
43,https://banen.monsterboard.nl/senior-kyc-analist-amsterdam-nh-nl-carrierecafe/222603498
44,https://banen.monsterboard.nl/senior-kyc-analist-zwolle-ov-nl-carrierecafe/222638418
45,https://banen.monsterboard.nl/starter-junior-medior-cdd-analist-bij-een-grootbank-in-amsterdam-utrecht-fr-nl-yacht/222720555
46,https://banen.monsterboard.nl/teamleider-kyc-data-abn-amro-zwolle-ov-nl-carrierecafe/222778191
47,https://banen.monsterboard.nl/technical-writer-rotterdam-zh-nl-connected-information-systems-b-v/f2c768b8-bbcd-4b0a-a215-d43695ea9103
